id,question
0,"What is the significance of the spice melange in the novel, and how does it impact the plot?"
0,"Can you elaborate on the character of Paul Atreides and his role in the story, including his prescience abilities?"
0,How does Frank Herbert's depiction of politics and power struggle on Arrakis reflect real-world issues or inspirations?
0,"What is the nature of the Fremen people, and how do they relate to the Atreides family and the overall narrative?"
0,"In what ways does the novel Dune explore themes of ecology, environmentalism, and the consequences of human actions?"
1,"What is the primary occupation of the protagonist, Case, at the beginning of Neuromancer?"
1,How does the character of Molly use her abilities to aid Case throughout the story?
1,What is the purpose of the 'Wintermute' AI in relation to the heist across cyberspace?
1,In what way do the corporations in Neuromancer mirror or reflect societal concerns of 1980s America?
1,How does William Gibson's writing style and world-building influence the overall feel and tone of the novel?
3,"What is the primary purpose of creating the Foundation, according to Asimov's novel?"
3,How does the decline of the galactic empire relate to the creation of the Foundation?
3,Who is the main character that becomes closely associated with the Foundation's efforts?
3,In what year was the book 'Foundation' first published?
3,"What rating did the author, Isaac Asimov, give to his novel 'Foundation'?"
4,What is the name of the dragon that Bilbo Baggins encounters on his journey?
4,Who is the wizard that joins forces with Bilbo and the dwarves to reclaim treasure from the dragon?
4,"What type of creature are the Smaug's 'flying' creatures, also known as the 'watchdogs', called in the book?"
4,How does Bilbo manage to evade capture by the woodland elves after he steals their food?
4,What is the name of the mountain where the dwarves plan to reclaim their treasure from Smaug?
5,What is the main conflict that drives the plot of A Game of Thrones and how does it relate to the noble houses?
5,"How does George R. R. Martin use political intrigue as a subgenre, and what specific examples from the book support this theme?"
5,"Beyond the Wall, what kind of danger is brewing, and how does it affect the narrative of A Game of Thrones?"
5,"What are some key alliances that shift throughout the book, and how do these changes impact the story's progression?"
5,"How does the author's use of epic fantasy elements, such as mythical creatures and magical abilities, contribute to the overall tone and atmosphere of the novel?"
6,What is the main source of magic in the world of Mistborn: The Final Empire?
6,Who is the primary antagonist in the novel?
6,What is the significance of the 'Allomancers' and their ability to ingest metals?
6,How does Vin's background as a street-thief influence her role in the rebellion against the Lord Ruler?
6,What is the fate of the main characters at the end of the book?
7,What is the significance of the spren and the Desolation on the world of Roshar?
7,"How do the various cultures of Roshar, such as Alethi and Sylari, fit into the larger world-building of The Way of Kings?"
7,Can you elaborate on the role of the Investiture system in the world of Roshar and its connection to the plot?
7,"In what ways does the character of Kaladin Stormblessed contribute to the overall themes of duty, honor, and redemption in the book?"
7,"What are some key takeaways from the historical and mythological context presented in The Way of Kings, such as the Alethi and Sylari histories?"
8,What is the name of the main character who has earth-shaping power in The Fifth Season?
8,"How does the cataclysmic world fracture, and what impact does it have on the story?"
8,Can you describe the subgenre of Science Fantasy and its influence on the book's plot?
8,"Is The Fifth Season set in a post-apocalyptic world, and if so, how did the apocalypse affect the society?"
8,"What is the overall rating given to The Fifth Season, and what aspects of the book contributed to this rating?"
9,What is the name of the protagonist who is chosen to lead humanity's defense against alien threats?
9,"How does Bean, Ender's friend and fellow student, play a crucial role in Ender's success in the Battle Room simulations?"
9,In what ways does Colonel Graff's method of training young students for war-game battles differ from traditional military methods?
9,"What is the significance of the 'Battle Room' in the novel, and how does it relate to Ender's emotional and psychological development?"
9,How does Mazer Rackham's past experience as a commander influence his opinion on Ender's suitability for leading humanity's defense against the Formics?
10,"What is the significance of the Shrike in Dan Simmons' novel Hyperion, and how does it relate to the cosmic mystery?"
10,"How do the seven pilgrims differ from one another, despite being connected by the mysterious monorail ride on Hyperion?"
10,"Can you describe the setting of Hyperion and its unique architecture, and how does it affect the story's atmosphere?"
10,"What is the role of the book 'The Scarlet Pimpernel' in Dan Simmons' novel Hyperion, and why does it hold significance for the characters?"
10,"How does the concept of time dilation in space opera influence the plot of Hyperion, particularly in regards to the pilgrims' journey?"
11,What is the main conflict that sets off the chain of events in Leviathan Wakes?
11,Who is the protagonist of the story and what is his occupation?
11,What is the significance of the protomolecule in the plot of the book?
11,How does the author's use of space opera and noir elements contribute to the overall atmosphere of the novel?
11,Can you describe the scale and scope of the war that spans across the solar system?
12,"What is the significance of the orogene group's division into castes, and how does it impact their society?"
12,What role do the orogenes play in rebuilding trust among themselves after a traumatic event?
12,How does the author N.K. Jemisin use the concept of 'orogene' to comment on themes such as power and identity?
12,"In The Obelisk Gate, what is the purpose of the Earth's 'breakage,' and how does it affect the planet and its inhabitants?"
12,"What are some notable examples of the orogenes' unique abilities, and how do these abilities impact their relationships with other characters?"
14,"What is the specific species of spider that has been uplifted by humans, and how does their biology differ from Earth's spiders?"
14,"Can you elaborate on the concept of 'uplift' in the novel Children of Time, and how it affects the social structure and technology of the spider civilization?"
14,How does the author Adrian Tchaikovsky portray the themes of colonialism and imperialism through humanity's encounter with the spider civilization?
14,"What role do the human characters play in the story, and what is their significance to the overall plot of the novel?"
14,"Can you discuss the significance of the spiders' evolution and adaptation on a planetary scale, and how this relates to the broader themes of environmentalism and ecological balance?"
15,What is the significance of the octopus-human alliance in Children of Ruin?
15,Can you describe the alien threat that the characters face in this book?
15,"How does the author, Adrian Tchaikovsky, portray the role of technology in space opera subgenre?"
15,What are some of the key decisions made by the protagonist in their quest for survival?
15,How does the novel Children of Ruin compare to its predecessor in terms of plot development and character growth?
16,"What is the central conflict of the story that forces the protagonist, William Mandella, to undergo extensive time dilation?"
16,How does relativity affect the duration of the war for soldiers like Mandella compared to their families and friends on Earth?
16,Can you elaborate on the effects of prolonged exposure to low gravity environments on human physiology during extended space missions?
16,What role do psychological factors play in the mental health struggles faced by soldiers who experience time dilation during their lengthy space assignments?
16,"How does the protagonist's personal connection with his wife, Peggy, contribute to his motivations and decision-making throughout the story?"
17,What is the main reason why senior citizens are conscripted into the military?
17,How do the genetically enhanced bodies differ from the original human body?
17,"Can the protagonist, John Perry, return to his life before joining the military?"
17,In what way do the alien species affect humanity's wars among the stars?
17,"What is the significance of the 'Old Man' in the title, and does it refer to a specific character?"
18,"What is the primary conflict that arises among the first colonists on Mars, and how do their differing views impact the future of the planet?"
18,"How does Kim Stanley Robinson's concept of terraforming influence the plot and themes of Red Mars, and what are the potential consequences of altering a planet's environment?"
18,"Can you elaborate on the role of the Earth and its government in the story, particularly in relation to the Martian colony and their decisions regarding terraforming?"
18,"In Red Mars, Robinson explores the concept of a planetary society. Can you describe how he develops this idea and what implications it has for the characters and plot?"
18,"What are some of the philosophical and ethical debates that the colonists on Mars engage in as they navigate the challenges of establishing a human settlement, and how do these debates reflect broader societal issues?"
19,What is the primary setting for the novel 'Green Mars' and how does it shape the story?
19,In what ways does the Martian environment influence the characters' motivations and actions throughout the book?
19,"How does the concept of terraforming play a role in the plot, and what are its implications on human society?"
19,"What is the significance of the 'Mars Ecological Dome' in the novel, and how does it impact the conflict between Earth and Mars?"
19,"How does the author, Kim Stanley Robinson, use the subgenre of Hard Science Fiction to explore themes of ecology and politics in 'Green Mars'?"
21,"What is the name of the main character, a hacker who uses a samurai sword to fight crime in both the virtual and real world?"
21,In what year was the book 'Snow Crash' first released?
21,"How does the digital virus threaten both the virtual reality and the real world, according to the plot?"
21,What is the name of the virtual reality game that plays a central role in the story?
21,"Why did Neal Stephenson write 'Snow Crash', according to his intentions or background?"
24,What is the significance of the Trisolaran computer system's 'infinite regression' algorithm in The Dark Forest?
24,How does the novel explore the Fermi Paradox through the lens of an alien civilization's perspective?
24,Can you elaborate on the role of humanity's collective intelligence and cooperation in defending against the Trisolarans?
24,"What insights does the book offer on the consequences of advanced technology on human society, as exemplified by the Trisolaran project?"
24,How does Liu Cixin's work blend scientific speculation with philosophical themes to create a unique reading experience?
25,"What is the significance of the Trisolarans' invasion on Earth, as described in 'Death's End', and how does it relate to the overall plot of the Remembrance of Earth's Past trilogy?"
25,"Can you elaborate on the concept of the 'Three-Body Problem' and its role in the story, particularly in relation to humanity's understanding of extraterrestrial life?"
25,"How do the scientists, such as Ye Wenjie and Wang Miao, contribute to the plot and the exploration of science fiction themes in 'Death's End'?"
25,"In what ways does the novel explore the consequences of advanced technology on human society, particularly in relation to the Trisolarans' own civilization?"
25,"What is the symbolic significance of the Earth's journey through the Three-Body Problem, and how does this relate to humanity's place in the universe?"
26,What inspired Larry Niven to write a story about an artificial ring encircling a star?
26,How does the unique size and structure of Ringworld affect its inhabitants and visitors?
26,"Can you explain the technological capabilities of the ring's creators, as revealed in the book?"
26,"In what ways does the author use science fiction elements to explore themes of engineering, astronomy, and human society?"
26,"What role do the explorers play in uncovering the secrets of Ringworld, and how do their discoveries impact the story?"
27,What is the unique biological trait of the Moties that drives their society towards cycles of collapse?
27,"How do the human explorers initially perceive the Moties, and what changes as they learn more about them?"
27,"What role do the Moties' 'motes' play in their society, and how are they connected to their life cycle?"
27,In what ways does the human crew's understanding of the Moties' biology influence their decisions regarding the fate of the Motie civilization?
27,How does the novel's exploration of a first contact scenario comment on the human condition and our relationship with technology?
29,What is the name of the protagonist in Revelation Space and what is his relationship to the Inhibitor?
29,What is the significance of the ' Void' in Revelation Space?
29,How does the novel explore the theme of existentialism through its characters?
29,What role do the 'Inhibitors' play in the plot of Revelation Space?
29,"Why is the novel classified as a Gothic SF, and what elements contribute to this classification?"
30,"What is the main plot of Chasm City, and how does it relate to the city's downfall?"
30,Can you describe the nanotech plague that afflicts the city and its effects on the inhabitants?
30,How does the author use noir elements in the space opera setting of Chasm City?
30,"What role does revenge play in the story, and how is it portrayed through character arcs?"
30,In what ways does the novel's release date of 2001 reflect the science fiction genre at that time?
32,"What is the primary setting of The Scar, and how does it impact the plot?"
32,How do the main characters' pasts shape their experiences on the high seas?
32,"Can you describe the strange creatures encountered by the crew of the Stricken, and what significance do they hold in the story?"
32,In what ways does the novel's use of lost technology contribute to its sense of unease and foreboding?
32,"How does the author, China Miéville, employ the subgenre of New Weird to create a unique reading experience?"
34,"What is the main conflict that the protagonist, Shadow, is drawn into in American Gods?"
34,How do the old gods and new deities of modern life compare in terms of their influence on the mortal world?
34,"Can you describe the role of Mr. Wednesday, a character who claims to be Odin, in the story?"
34,"What symbolic significance does the road have in the novel, particularly for Shadow's journey?"
34,How do the different mythologies and cultures from around the world feature in the narrative of American Gods?
35,What is the name of the protagonist who falls through the cracks into London Below?
35,"How does Richard Mayhew's life change after he meets Door, a woman from London Below?"
35,What are some of the dangers that lurk in London Below for Richard Mayhew?
35,Who is the villainous character that serves as a primary antagonist to Richard Mayhew?
35,What is the significance of the 'Cracks' and how do they relate to the world of London Below?
36,What is the name of the main human character who inadvertently helps the angel and demon prevent the apocalypse?
36,"In what year was Good Omens first published, marking its debut as a comic fantasy novel?"
36,How does Aziraphale's unique relationship with Satan contribute to the story's comedic tone?
36,"What significant event in human history do the characters believe will lead to the apocalypse, and how do they plan to prevent it?"
36,"How does the book's blend of humor, mythology, and apocalyptic themes receive praise from reviewers, earning it four and a half out of five stars?"
37,What is the name of the god that manifests as a tortoise in Small Gods?
37,How does the character of Rincewind fit into the story of Small Gods?
37,In what ways does Small Gods critique the idea of deities and divine intervention in fantasy worlds?
37,Can you describe the significance of the Ankh-Morpork cult in relation to the plot of Small Gods?
37,What is the main theme or message that Terry Pratchett conveys through the character of Teppic in Small Gods?
38,"What is the main occupation of the protagonist, Rincewind?"
38,How does Twoflower's innocence serve as a catalyst for chaos in the story?
38,In what ways does Terry Pratchett use satire to critique societal norms through the Discworld series?
38,What is the significance of the 'Colour of Magic' in the novel's title and plot.
38,How has Rincewind's character evolved throughout the course of The Colour of Magic?
39,"What is the name of the main character, a member of the Night Watch, and how does he fit into the story?"
39,"In what year was the Ankh-Morpork City Watch reorganized and given new powers, according to the book?"
39,How do the characters of Captain Vimes and Colonel Detritus contribute to the plot of Guards! Guards!?
39,"What is the symbolic significance of the 'Night Watch' in Ankh-Morpork, beyond their official role as city guards?"
39,"How does the author, Terry Pratchett, use satire to comment on real-world issues like politics and social hierarchy in this book?"
40,"What is the name of the main character, master thief, and leader of the group known as the Gentlemen Bastards?"
40,"In what city does the story primarily take place, a metropolis inspired by Renaissance Italy?"
40,"How does Locke Lamora's group, known as the Gentlemen Bastards, make their living in Camorr?"
40,"What is the significance of the color red in the novel, particularly in relation to one of the main characters?"
40,Is the release date of 2006 accurate for when The Lies of Locke Lamora was published?
41,What is the main conflict that Locke Lamora and Jean Tannen face while traveling on the high seas?
41,"How do the characters of Locke and Jean differ from one another, and what makes their partnership unique?"
41,"In the story, what is the significance of the Grey King's role in the world of Red Seas Under Red Skies?"
41,"What motivates Locke Lamora to take risks and engage in high-stakes heists, despite the dangers involved?"
41,"How does the author, Scott Lynch, use the fantasy subgenre to create a sense of tension and uncertainty for the reader?"
43,What is the name of the mercenary who narrates The Blade Itself?
43,How does Logan's past as a torturer affect his relationships and actions throughout the book?
43,"What is the significance of the First Law world's moral landscape, particularly in relation to the characters' experiences with violence and power?"
43,In what ways do the characters' physical and emotional limitations influence their interactions and motivations?
43,"How does the author, Joe Abercrombie, use the genre of grimdark fantasy to explore themes of morality and the human condition?"
44,What is the primary setting for the story of Before They Are Hanged?
44,"How does the war affect the lives of the main characters, particularly Logen Ninefingers and Inquisitor Glokta?"
44,Can you explain the significance of the Inquisitor's injuries in relation to his character development throughout the novel?
44,"In what ways do the supporting characters, such as Ferro and Elnor, contribute to the overall plot of Before They Are Hanged?"
44,"How does Joe Abercrombie portray the moral ambiguity of his characters in this book, particularly in relation to violence and sacrifice?"
45,What is the main conflict that drives the plot of Last Argument of Kings?
45,How does the character of Logen Ninefingers evolve throughout the novel?
45,What is the significance of the 'Red King' and his role in the story?
45,"Can you describe the relationship between Jezal dan Luthar and his mother, Lady Jezal de Courtenay?"
45,"What are some of the key themes present in Last Argument of Kings, according to the author's intentions?"
46,"What is Roland's motivation for pursuing the Man in Black, and how does this drive his actions throughout the story?"
46,How does Stephen King use the setting of a desolate world to reflect the isolation and darkness that Roland faces as he pursues the Man in Black?
46,"Can you describe the significance of the 'kiss' between Roland and Susannah, and how does it impact their relationship and the plot?"
46,"What is the role of the 'ka-tet' in The Gunslinger, and why are they important to Roland's journey?"
46,"How does the novel's dark fantasy elements contribute to its overall atmosphere and themes, and what commentary does King offer on these aspects?"
47,"What is the world that Roland inhabits, and how does it relate to his quest for the Dark Tower?"
47,"How do the three companions, Eddie, Susannah, and Jake, contribute to Roland's journey and his perception of himself?"
47,In what ways does Stephen King use the concept of alternate worlds and realities in The Drawing of the Three?
47,"What symbolism can be inferred from the character of the Man in Black, and how does he embody the darkness that Roland seeks to vanquish?"
47,How does Roland's character development throughout the novel reflect his growth as a gunslinger and his understanding of his destiny?
49,What is the significance of the Ka-tet in the story and how does Roland's relationship with his ka-mate influence their journey?
49,How does Stephen King use the Dark Fantasy subgenre to create a sense of foreboding and unease in Wizard and Glass?
49,In what ways does Roland's tragic past shape his actions and decisions as he approaches the tower's secrets?
49,"What symbolic meaning can be inferred from the Tower, and how does it relate to Roland's inner struggles and quest for redemption?"
49,How does the author's use of multiple timelines and narrative structures contribute to the overall complexity and depth of Wizard and Glass?
50,"""Is It based on real events or people from King's childhood that he drew inspiration from?"
51,"What is the name of the good and evil forces that the main characters battle, and what is their origin?"
51,How does the author use the concept of superflu to depict the rapid spread of the plague?
51,"What role do the main characters, Stu Redman and Frannie Goldsmith, play in the story's resolution of the conflict?"
51,"In what ways does the novel explore themes of community, leadership, and social hierarchy in the aftermath of the apocalypse?"
51,How does Stephen King use his signature horror elements to create tension and suspense throughout the narrative?
52,"What is the primary means by which Count Dracula attempts to spread his curse, as described in the novel?"
52,Who serves as the narrator and primary protagonist of the story in Dracula?
52,In what year was the novel 'Dracula' first published?
52,How does Bram Stoker's use of epistolary format contribute to the overall atmosphere and tone of the novel?
52,"What rating does the author assign to 'Dracula' out of a scale of one to five, and on what criteria is this rating based?"
53,What is the name of the scientist who creates life in Mary Shelley's Frankenstein?
53,"In what year was the novel 'Frankenstein' published, marking it as a groundbreaking work in both Gothic Horror and Science Fiction genres?"
53,What is the primary motivation for the monster created by Victor Frankenstein in Mary Shelley's novel?
53,How does Mary Shelley portray the theme of loneliness and rejection in the character of the monster in 'Frankenstein'?
53,"Why is the scientist, Victor Frankenstein, ultimately condemned to a life of guilt and isolation in his own creation?"
54,What is the significance of the World State's 'Holding Cells' in controlling individuality?
54,Who is the protagonist Bernard Marx and what is his role in the story?
54,"What is the significance of the Savage, John, in challenging the values of the World State?"
54,How does Aldous Huxley use the character of Henry Foster to critique societal norms?
54,What message does Brave New World convey about the trade-off between happiness and individual freedom?
56,What is the main theme of Fahrenheit 451?
56,Who narrates the story and what is his profession?
56,What is the significance of fire in the novel?
56,How does the character of Montag change throughout the book?
56,What message do you think Bradbury is trying to convey through the burning of books?
57,What inspired Ray Bradbury to write about a traveling carnival that feeds on fear and temptation?
57,"How does the author portray the consequences of succumbing to temptation and indulging in desires, as depicted in the story?"
57,In what ways does the book explore the concept of childhood innocence and its relationship with adulthood?
57,"What role do mirrors play in the narrative, symbolizing which aspect of human nature?"
57,How does the author's use of imagery and descriptive language contribute to creating a sense of foreboding and unease throughout the story?
58,What is the name of the astronaut who becomes stranded on Mars?
58,"How does Mark Watney, the protagonist, use his knowledge to grow potatoes on Mars?"
58,What system do astronauts use for communication with Earth while stranded on Mars?
58,Why did Mark Watney's crew members initially consider him dead and leave him behind?
58,What is the primary way Mark Watney uses water recycling to survive on Mars?
59,What is the primary motivation of astronaut Ryland Grace's mission to save humanity?
59,How does Ryland's initial lack of knowledge about his surroundings affect his ability to complete his mission?
59,What technological advancements are required for a human colony to be established on another planet?
59,Can you explain the significance of the 'alien' species Ryland encounters during his journey?
59,How does Andy Weir's use of Hard Science Fiction contribute to the overall believability and tension of the story?
61,What is the significance of the Ring Gate's discovery and how does it affect the balance of power in the book?
61,Can you describe the character development of Jim Holden and Roberta 'Bobbie' Filletti throughout the novel?
61,"How does the author, James S. A. Corey, utilize the concept of a 'gate' to explore themes of power, identity, and cooperation?"
61,What role do the Protomolecule and the alien species known as the Protomen play in the plot of Abaddon's Gate?
61,"How does the novel's setting in a future where humanity has colonized other planets impact the story's themes of governance, duty, and loyalty?"
62,What is the significance of Cibola Burn's title and how does it relate to the plot?
62,What role does the Belter culture play in the novel's exploration of identity and social hierarchy?
62,How does James S. A. Corey utilize his background as a software engineer in his portrayal of technology and innovation in space opera?
62,What are the consequences for the characters when they choose between supporting the ice harvesters or joining the Mars colonists?
62,Can you elaborate on how the novel addresses themes of colonialism and imperialism through its depiction of humanity's expansion into new worlds?
63,What is the Rocinante's mission during the events of Nemesis Games?
63,How do the crew members of the Rocinante cope with their personal struggles while dealing with catastrophic attacks on Earth?
63,What role does Belter politics play in the plot of Nemesis Games?
63,What happens to Holden and Amos during the attack on Belter 3?
63,In what ways does James S. A. Corey's writing style contribute to the overall tension and atmosphere of the novel?
64,What is the name of the authoritarian regime controlling humanity's fate in Persepolis Rising?
64,How does the ancient alien tech contribute to the regime's power and influence?
64,What is the significance of the 'Protectorate' in the context of the book's summary?
64,Can you elaborate on the themes of oppression and resistance explored in James S. A. Corey's Persepolis Rising?
64,"How does the author, James S. A. Corey, rate this book out of five stars?"
65,What is the primary conflict faced by humanity in Tiamat's Wrath?
65,"Can you provide a brief summary of the character development for the protagonist, James Holden, throughout the book?"
65,"How does the author, James S. A. Corey, use the concept of alien technology to explore themes of power and control in the story?"
65,"What role do the Martian resistance fighters play in the novel's struggle against tyranny, and what are their motivations for resisting the alien forces?"
65,"In Tiamat's Wrath, how does the author balance action-packed space battles with character-driven drama and introspection, particularly in relation to Holden's emotional state?"
66,What is the main plot point that sets the stage for humanity's fate in Leviathan Falls?
66,How does the author James S. A. Corey use space opera elements to explore themes of human identity and existence?
66,What role do the alien protomolecule and its effects play in the climax of Leviathan Falls?
66,"In what ways does the novel conclude the Expanse saga, tying together multiple plot threads and character arcs?"
66,How does James S. A. Corey's rating reflect the overall impact and satisfaction of reading Leviathan Falls?
67,What is the name of the wizard-detective protagonist in Storm Front by Jim Butcher?
67,Can you describe the setting of the story and how does it relate to urban fantasy?
67,"What is the nature of the dark magic that Harry Dresden is investigating, and what are its consequences?"
67,How does Harry Dresden's skillset as a wizard-detective influence his approach to solving this case?
67,In what ways does the release date of 2000 reflect on the book's themes or reception?
68,"What is the name of the protagonist in Fool Moon, and what is his occupation?"
68,"Can you describe the magical system used by wizards in this book, including its powers and limitations?"
68,"How does Harry Dresden's character evolve throughout the story, and what personal struggles does he face?"
68,"What are some of the main conspiracies that Harry must uncover during the full moon, and how do they impact the plot?"
68,"In what ways does the author, Jim Butcher, create a sense of tension and suspense in this novel, particularly under the threat of a full moon?"
70,"What is Dresden's primary task when he receives a visit from Morgan, the Queen of the Winter Court?"
70,What role does Harry Dresden's relationship play in his investigation into the murder?
70,Who is the primary suspect in the murder that sets off the conflict between the courts?
70,How does Dresden's skill as a wizard impact his ability to navigate the complexities of Faerie politics?
70,What are the consequences if the war between the Winter and Spring Courts is allowed to escalate?
71,"What is Dresden's primary challenge in Blood Rites, and how does it relate to the urban fantasy genre?"
71,"Can you elaborate on the role of vampires in the story, and what do their presence reveal about the darker aspects of Hollywood culture?"
71,How does Jim Butcher's use of dark rituals in Blood Rites contribute to the overall tension and suspense in the narrative?
71,"In the context of Dresden Files, how does Blood Rites fit into the larger series arc, and what significance does it hold for the protagonist's character development?"
71,What themes or messages do you think Butcher conveys through the contrast between the glamour of Hollywood and the darkness of magic user groups like wizards in Blood Rites?
72,"What is the name of the main character, a wizard, and what kind of powers does he possess?"
72,How does the presence of necromancers affect the city of Chicago and its inhabitants?
72,What is the primary antagonist of the novel 'Dead Beat' and how is it connected to the main character's past?
72,"Can you describe the nature of the zombies in this story, including their behavior and any special abilities they possess?"
72,"How does the author, Jim Butcher, utilize magic and supernatural elements in 'Dead Beat', creating a sense of tension and conflict?"
73,What is the main supernatural horror convention in Chicago where the story takes place?
73,"Who is the main character Detective Harry Dresden, and what is his role in the story?"
73,Can you explain the significance of the White Council in the context of the book's faerie plots?
73,What is the exact nature of the Red Court in relation to the faeries in the novel?
73,How does the plot twist involving the murder of a specific character impact the overall story?
74,"What is the nature of the devastating personal loss faced by Harry Dresden in 'Changes', and how does it impact his storyline?"
74,"Who are Dresden's most dangerous enemies, and what role do they play in the plot of 'Changes'?"
74,"How does Jim Butcher use urban fantasy elements to create a unique narrative in 'Changes', and what specific examples can be cited from the book?"
74,"What is the significance of the 'Red Court' in the story, and how do their actions drive the plot forward in 'Changes'?"
74,"In 'Changes', Dresden's character undergoes significant development; can you describe the specific changes (pun intended) he experiences throughout the novel?"
75,"What is the name of the main character in Skin Game, and what type of job does he get forced into?"
75,Who are Dresden's old enemies that he works with in the heist?
75,How does the underworld play a role in the plot of Skin Game?
75,Does Dresden use any special abilities or magical powers to aid him in the heist?
75,What is the overall rating out of five stars given to Skin Game by the author?
76,What is the name of the event where tributes fight to the death in The Hunger Games?
76,How does Katniss's experience as a skilled hunter help her in the arena?
76,"In what district is Katniss from, and why does this impact her participation in the Games?"
76,Who is the Gamemaker responsible for creating challenges and controlling the arena environment?
76,What symbolic message does the Hunger Games convey about oppression and rebellion in Panem's society?
78,What is the main reason Katniss volunteers to participate in the Hunger Games for her sister Prim?
78,How does Katniss's relationship with Peeta affect her involvement in the rebellion against the Capitol?
78,"What role do the Mockingjay and its symbolism play in the story, and how does it represent Katniss's growing identity as a leader?"
78,In what ways does Katniss's PTSD and emotional trauma impact her actions throughout the book?
78,"How does the novel portray the effects of war on individuals and society, particularly in the context of the rebellion against the Capitol?"
80,What is the main conflict that drives the plot of Insurgent and how does it relate to the author's themes?
80,"How do the factions in the novel contribute to its overall dystopian society, and what symbolic significance do they hold?"
80,Can you describe the character of Tris Prior and her role in the story? What are her motivations and strengths?
80,"What secrets about Dauntless' origins are revealed throughout the book, and how do these revelations impact the plot?"
80,"How does Insurgent's ending set the stage for the final installment in the series, Divergent, and what changes can be expected for the protagonist, Tris Prior?"
82,"What is Area X, and how does it affect the environment and living organisms within its boundaries?"
82,"Can you describe the team of scientists that explores Area X, including their motivations and backgrounds?"
82,"How does the novel's narrative structure, which alternates between different characters' perspectives, contribute to the overall effect of the story?"
82,"What symbolic significance can be inferred from the 'Area X boundary', and how is it treated by the characters throughout the novel?"
82,To what extent do the events of Area X serve as a metaphor for environmental degradation or the consequences of human actions?
83,"What is Area X in the novel Authority, and how does it impact the Southern Reach agency's control?"
83,"How does Jeff VanderMeer use paranoia as a theme throughout the novel, and what effect does it have on the characters?"
83,"Can you describe the role of the biologists in the novel, particularly the ones sent to investigate Area X? How do they change over time?"
83,"What significance is given to the 'Three Drives' concept in the novel, and how are they used as a metaphor for human desire?"
83,How does the novel Authority subvert or play with traditional sci-fi/fantasy expectations of a government agency's response to an unknown threat?
86,What is the name of the alien species in Embassytown?
86,Does the author China Miéville use a unique linguistic system to represent the alien language?
86,"What is the significance of the town's unique shape, resembling an embassy building?"
86,How does the main character Arie having a twin brother influence her storyline?
86,What is the underlying theme or message that Embassytown conveys about human-alien relations?
88,What is the name of the government agency responsible for creating the vampiric creatures in The Passage?
88,"How do the vampiric creatures, known as Virals, affect the environment and human populations in the novel?"
88,Who are the main characters that join forces to survive the apocalypse in The Passage?
88,What is the significance of the virus-like agent known as the 'Able' in the world of The Passage?
88,"How does the author, Justin Cronin, portray the themes of hope and redemption in the novel's conclusion?"
89,Will the plague be eradicated by the end of the book?
89,What is the purpose of the 'carriers' in the apocalypse storyline?
89,How does the novel's apocalyptic setting influence its characters and plot?
89,In what ways do the different factions contribute to the overall conflict?
89,How significant are the flashbacks to the pre-apocalypse world in the narrative?
91,What is the significance of the Two Trees in the creation myth of Middle-earth?
91,What role do the Elves play in the struggle against Morgoth's power?
91,How does the concept of the Silmarils relate to the central conflict in The Silmarillion?
91,What is the nature of the Valar and their relationship with the Elves?
91,Why was Fëanor's revenge against Morgoth considered a major turning point in Middle-earth's history?
92,What is the primary focus of 'Unfinished Tales' by J.R.R. Tolkien?
92,"Can you describe the geographical setting of Númenor, as mentioned in the book?"
92,How do the stories within 'Unfinished Tales' relate to the larger narrative of Middle-earth?
92,Are there any notable events or characters in the book that are directly connected to the history of the Istari?
92,What are some common themes present throughout the various stories contained in 'Unfinished Tales'?
93,What is the significance of the Redondes forest in The Once and Future King?
93,How does T.H. White's portrayal of the wizard Merlin influence the narrative of Arthur's reign?
93,Can you describe the character development of Sir Lancelot throughout the book?
93,In what ways does T.H. White critique traditional chivalric romances through his retelling of King Arthur's story?
93,How does the author balance the mythological and magical elements with the human struggles and frailties of the characters?
94,"What is the name of the main protagonist in The Eye of the World, and what is his role in the story?"
94,"What is the Dark One's primary goal, as revealed by Rand al'Thor, and how does it impact the world-spanning struggle?"
94,"Can you describe the significance of the Aes Sedai and their connection to the One Power, and how they fit into the larger narrative?"
94,"How do the Forsaken play a role in the story, and what are their motivations for opposing Rand al'Thor and his friends?"
94,"What is the significance of the Eye of the World, and how does it tie into the prophecy surrounding Rand's destiny?"
95,"What is the significance of the Horn of Valere in the story, and how does it relate to Rand's destiny?"
95,"How do the Forsaken fit into the plot, and what role do they play in Rand's journey?"
95,Can you describe the challenges that Rand and his companions face on their quest for the Horn of Valere?
95,"What is the significance of the Aiel Waste as a setting, and how does it impact the story?"
95,"How does the author, Robert Jordan, use the concept of destiny to shape the plot and characters' actions in The Great Hunt?"
96,What is the significance of Rand al'Thor being the Dragon Reborn according to the prophecy?
96,How does Rand's newfound destiny affect his relationships with his friends and family in Emond's Field?
96,Can you elaborate on the role of the Forsaken in Rand's journey as the Dragon Reborn?
96,"What is the primary source of power for the Dark One, and how does Rand plan to stop him?"
96,"How does Rand's connection to the Aes Sedai affect his ability to harness the One Power, and what are the consequences of this connection?"
97,"What is the main plot of The Shadow Rising, and how does it expand on the story introduced in the previous book?"
97,"Can you describe the significance of the Aiel's role in the unfolding conflict, and what are the implications for Rand al'Thor's destiny?"
97,"How do the Forsaken contribute to the escalating battle between good and evil, and what is their personal stake in the outcome?"
97,What new information does the book reveal about the Dark One's power and the extent of his influence on the world?
97,"What role do the Aes Sedai play in the story, and how do they interact with Rand and the other main characters as the battle intensifies?"
98,"What is the significance of the Last Battle in The Fires of Heaven, and how does it relate to the broader Wheel of Time series?"
98,Can you provide more details about Moiraine's role in the book and her interactions with Rand al'Thor and his friends?
98,"How do the forces of the Dark One impact the world of Randland, and what are their ultimate goals in The Fires of Heaven?"
98,What is the fate of the Aes Sedai and their role in the unfolding events of The Fires of Heaven?
98,"In what ways does the character of Rand al'Thor evolve throughout The Fires of Heaven, and how does he prepare for his destiny?"
99,What is the primary conflict that Rand faces as he attempts to unite the nations in 'Lord of Chaos'?
99,"How does the author, Robert Jordan, build tension and suspense throughout the novel?"
99,"What role do the Forsaken play in the plot of 'Lord of Chaos', and what are their motivations?"
99,"How does Rand's relationship with his friends and allies, particularly Mat and Perrin, impact his ability to make decisions as the Dragon Reborn?"
99,What significance does the concept of the Wheel of Time hold in understanding the events and themes of 'Lord of Chaos'?
100,What is the significance of Rand al'Thor's vision of the Aiel Waste and its connection to the larger story?
100,"How do the Forsaken play a role in the escalating conflict between Rand, his allies, and the forces of darkness?"
100,"Can you elaborate on the consequences of Moiraine's decision to leave Rand with Egwene, and how this affects their relationships?"
100,What are some key moments or events from the book that foreshadow the impending battle against the Dark One's return?
100,How does Robert Jordan's world-building enhance the reader's understanding of the intricate political landscape in Emond's Field?
102,What is the significance of the Prophecies of the Chosen in Winter's Heart?
102,How does Rand al'Thor's encounter with the Dark One's influence affect his destiny?
102,Can you elaborate on the role of Moiraine Damodred and her Warders in the battle against the Shadow?
102,What are the consequences of Matrim (Mat) Cauthon's actions in Winter's Heart on his relationships with others?
102,"How does the magic system in the Wheel of Time series evolve in Winter's Heart, particularly in relation to the Dark One's power?"
104,What is the main plot of the Last Battle in Knife of Dreams?
104,How does Rand al'Thor's destiny relate to the return of the Dark One?
104,Can you describe the role of Moiraine Damodred in the unfolding events of the book?
104,In what ways does Perrin Aybara's character development impact the story as a whole?
104,What is the significance of the Aes Sedai's reaction to the prophetic dreams and visions?
105,What is the specific plot point where Rand and Egwene face their darkest trials?
105,"How does the author, Brandon Sanderson, incorporate his unique magic system into this book?"
105,"What role do the Aes Sedai play in the events of The Gathering Storm, and how do they contribute to the overall story?"
105,In what way does Rand's destiny as the Dragon Reborn become more clear throughout the book?
105,How does Robert Jordan balance the development of multiple plot threads and characters in this installment?
106,"What role does Moiraine Damodred play in the Tower of Midnight, and how does her character evolve throughout the book?"
106,"What is the significance of the Pattern in the context of the Wheel of Time series, and how does it affect the plot of Towers of Midnight?"
106,"How do the characters Rand al'Thor, Matrim (Mat) Cauthon, and Perrin Aybara contribute to the impending battle against the Shadow?"
106,"Can you describe the relationship between Lews Therin Telamon and the Dark One in the context of the Wheel of Time series, and how it relates to the events of Towers of Midnight?"
106,"What are the stakes for the characters if they fail to stop the Last Battle, as foretold by the Pattern, and what consequences would this have on the world of Randland?"
107,What is the significance of Rand al'Thor's Channeling abilities and how do they impact the climax of the story?
107,"How does the Last Battle resolve Moiraine's storyline, given her significant role throughout the series?"
107,"Can you elaborate on the final fate of Graendal, one of the Forsaken, in the apocalyptic finale?"
107,"What symbolic meaning is attached to the Aiel Waste's role in the climax, particularly regarding the forces of good and evil?"
107,"How does the conclusion tie together threads from previous books, such as the Fades and Nynaeve's experiences?"
108,"What is the primary source of power for the magic system in Elantris, and how does it relate to the city's downfall?"
108,"How do the 'fallen' inhabitants of Elantris initially react to their new circumstances, and what motivates them to seek redemption?"
108,"Can you describe the role of the King and the Magister in maintaining order in the city of Arelon, and how they interact with the inhabitants of Elantris?"
108,"How does the author use the character of Hrathen to explore themes of faith and morality, particularly in relation to his homeland of Darde."
108,"What significance does the 'Elantrian' magic have for the broader world beyond Arelon, and how does it impact the story's climax?"
109,"What is the significance of the color-based magic system in Warbreaker, and how does it relate to the story's themes of identity and duty?"
109,"Can you explain the role of Vivenna and Susebella as princesses in the novel, and how their relationships with each other and the gods impact the plot?"
109,"How does the author, Brandon Sanderson, use the concept of godhood and divine magic to explore moral and philosophical questions in Warbreaker?"
109,What is the significance of the Worldshaper and the role it plays in the novel's mythology and plot progression?
109,"In what ways does the novel's focus on color-based magic and aesthetics contribute to its overall tone and atmosphere, particularly in relation to the fantasy genre as a whole?"
110,"""1. What is Spensa Nightshade's primary motivation for pursuing her mission into alien space?"
110,"2. How does Spensa interact with the aliens she encounters, and what do these interactions reveal about their culture?"
110,"3. What role does Mira, Spensa's friend and rival, play in her journey?"
110,"4. How does Spensa's relationship with her mentor, Chief Nightshade, influence her actions throughout the novel?"
110,"5. What is the significance of the 'Starsight' technology in the story, and how does it impact Spensa's abilities?"
111,What is the main theme of Spensa's journey in Cytonic?
111,How does Spensa's power affect her relationships with others in the story?
111,Can you elaborate on the cosmic dangers that Spensa faces in the nowhere?
111,In what ways does Spensa's understanding of her powers change throughout the book?
111,What is the significance of the title 'Cytonic' and its relation to the story's plot?
113,"What is the name of the farm where Eragon grows up, and how does it shape his life?"
113,"How does Saphira's bond with Eragon evolve over time, and what lessons does she teach him?"
113,"What are the main characteristics of Brom, Eragon's mentor, and why is he a crucial figure in Eragon's journey?"
113,"Can you describe the significance of the Spiders and their role in the story, particularly in relation to Eragon's destiny?"
113,How does the concept of a Dragon Rider being extinct impact Eragon's perception of himself and his place in the world?
114,What is the name of the Dragon Rider that Eragon befriends and trains to fight alongside him?
114,"What role does Oromis, the elder Dragon Rider, play in teaching Eragon how to use magic?"
114,How does Saphira's relationship with Eragon evolve throughout the story?
114,In what ways does Murtagh's complicated past influence his actions during the rebellion against Galbatorix?
114,"What is the significance of the 'Eldest' title, and how does it relate to the ancient Dragon Riders?"
115,What is the primary antagonist's role in the story of Brisingr?
115,How does Eragon's bond with Saphira affect his decisions throughout the book?
115,Can you describe the significance of the Dragon Riders' return to Alagaësia in the context of the overall storyline?
115,In what ways does the character of Oromis influence Eragon's development as a Dragon Rider?
115,"What is the ultimate goal of the Empire in its quest for power, according to the book?"
116,What is the primary antagonist that Eragon faces in Inheritance?
116,How does Galbatorix's past influence his motivations and actions throughout the series?
116,What role do the Riders of Alagaësia play in the final confrontation against Galbatorix?
116,How does Eragon's character evolve over time in response to his experiences with the Dragon Riders?
116,What is the significance of the Elder Kings' return in Inheritance and its impact on the story?
117,What is the name of the young hero who wields the sword in The Sword of Shannara?
117,"Is the evil warlock lord the primary antagonist of the book, or does he have a complex motivation?"
117,Can you describe the unique magical abilities that the legendary sword possesses?
117,How does the setting of the world impact the story and characters of The Sword of Shannara?
117,What themes or moral lessons do you think are most prominent in this epic fantasy novel?
118,What is the significance of the Ellcrys tree in The Elfstones of Shannara?
118,"Who is the main human character that becomes entangled in the battle against demonic forces, and what is his role?"
118,"Can you describe the setting for this epic fantasy novel, including its geographical location and climate?"
118,"What are the motivations behind the sudden appearance of demons threatening the Ellcrys tree, and how do they relate to the story's themes?"
118,How does Terry Brooks use magical creatures and world-building in The Elfstones of Shannara to create an immersive experience for readers?
121,"What is the significance of the Bands of Mourning in the story, and how do Wax and Wayne uncover their mysteries?"
121,"Can you explain the role of the Spren, particularly the Lerd Spren, in relation to the metallic artifacts?"
121,How does Brandon Sanderson's world-building contribute to the steampunk elements in Bands of Mourning?
121,"What is the purpose of the Investigator title for Waxillium Loudware, and how does it impact his character development?"
121,In what ways do the ancient powers and metallic artifacts influence the plot progression throughout the story?
124,What is the primary source of power for the Arachnids in Robert A. Heinlein's Starship Troopers?
124,How do the citizens of the Federation contribute to their military service and citizenship?
124,In what year was the novel Starship Troopers first published by Robert A. Heinlein?
124,What is the significance of the 'bugger' insults used by the soldiers in the novel?
124,To what extent does the military play a role in shaping public opinion in the Federation?
125,What is the name of the main character who was raised by Martians and returned to Earth?
125,In what year was the novel 'Stranger in a Strange Land' first published?
125,How does the protagonist's Martian upbringing influence his views on human society and culture?
125,"What is the significance of the term 'Grofield', a contraction of 'Groff Wilcox' used by the protagonist?"
125,What critique or commentary does Robert A. Heinlein offer through the character of Valentine Michael Smith in terms of religious and moral beliefs?
126,What is the name of the scientist who invents a time machine?
126,Describe the future society that the Time Machine's inventor discovers.
126,"How does the Time Machine travel through time, according to the book?"
126,What are some of the key differences between Victorian England and the future society visited by the Time Machine?
126,Is the concept of the Time Machine considered as a proto-science fiction device in the book?
127,What is the primary motivation behind the Martians' invasion of Earth?
127,"How do the Martians' advanced technology and biology differ from those of humans, and what implications does this have for humanity's survival?"
127,Can you describe the Martian war machine and its impact on human cities during the battle of London?
127,"What role do John Sparrow and his wife play in the story, and how do their actions influence the outcome of the war?"
127,How does H.G. Wells' portrayal of the alien threat contribute to the development of science fiction as a genre?
128,"What inspired H.G. Wells to write The Invisible Man, and how did his experiences as a journalist influence the story?"
128,"What is the significance of the scientist's name, Griffin, and how does it relate to his transformation into an invisible being?"
128,How does the author use the theme of invisibility to explore the idea of social class and status in Victorian England?
128,"What role does the character of Dr. Hall play in the novel, and how does his reaction to the scientist's condition reflect the societal norms of the time?"
128,"In what ways does The Invisible Man critique the scientific and philosophical ideas of Wells' era, and what commentary does it offer on the dangers of unchecked scientific progress?"
129,"What is the primary reason for the protagonist's arrival on Edward Prendick's island, and how does this setup affect their interactions with the scientist?"
129,"How do the human-animal hybrids created by Dr. Moreau serve as a catalyst for the plot's darker elements, and what commentary does this offer on scientific hubris?"
129,"What role do the island's wildlife and environment play in shaping the narrative and its themes, particularly in relation to Dr. Moreau's experiments?"
129,"In what ways does the novel blur the lines between science fiction and Gothic horror, and how does this blend contribute to its overall impact?"
129,How does Prendick's growing disillusionment with Dr. Moreau's intentions serve as a commentary on the dangers of unchecked scientific progress and the consequences of playing God?
130,"What is the primary source of conflict for the scientists on Solaris, and how does it relate to their psychological state?"
130,How does Stanisław Lem's philosophical SF subgenre influence the narrative and themes of Solaris?
130,Can you describe the manifestation of Kris Kelvin's fears and memories in relation to his own personal identity?
130,"In what ways does Solaris challenge traditional notions of humanity, consciousness, and existence?"
130,"What is the significance of the 'mirror' concept in Solaris, and how does it relate to the novel's exploration of self-discovery?"
131,"Can 'The Cyberiad' be classified as a satirical work, given its use of humor to critique societal norms and technological advancements?"
131,What role do the constructor robots play in exploring philosophical concepts such as the nature of consciousness and artificial intelligence?
131,How does the author Stanisław Lem's background in engineering influence his depiction of robotic construction in 'The Cyberiad'?
131,"Are there any recurring themes or motifs present throughout 'The Cyberiad', and if so, what are they?"
131,"In 'The Cyberiad', how do the robot protagonists interact with their human creators and peers, and what does this reveal about their artificial nature?"
133,What is the main conflict that the Earth observer faces on the planet where he has been sent to observe human behavior?
133,In what ways does the observer's non-interventionist stance lead to a change in the societal dynamics of the planet?
133,"How does the observer's understanding of humanity evolve throughout his stay on the planet, and what insights does he gain from his observations?"
133,What role do the author's critiques of 20th-century Soviet society play in shaping the narrative of Hard to Be a God?
133,In what ways does the novel's exploration of societal structures and power dynamics serve as commentary on the nature of progress and civilization?
134,What is the name of the fictional country where Allie's story takes place?
134,How does Allie utilize her newfound power throughout the novel?
134,What role does the military play in the shift of societal gender norms?
134,In what ways do the men in the story react to the sudden change in power dynamics?
134,Is Allie's ability a product of biological or environmental factor?
137,"What is the name of the cult that plays a central role in the novel, and what are its beliefs?"
137,"How does the biotech collapse impact the world of The Year of the Flood, and what are some of its consequences?"
137,"Who is the protagonist of the novel, and how do they fit into the narrative of the novel?"
137,"What is the significance of the Ark project in the story, and what role does it play in the plot?"
137,"How does Margaret Atwood's speculative fiction style enhance the themes of survival, resistance, and hope in The Year of the Flood?"
138,What is the main conflict that drives the plot of MaddAddam?
138,"How do the bioengineered beings fit into the narrative of the trilogy, and what role do they play in the final confrontation?"
138,"Can you explain the significance of the 'MaddAddam' novel within the context of Margaret Atwood's overall body of work, particularly its thematic connections to other novels like The Handmaid's Tale?"
138,How does the author's use of speculative science fiction allow her to comment on contemporary issues such as bioethics and humanity's relationship with technology?
138,"What can be inferred about the future of human civilization based on the events depicted in MaddAddam, and what implications might this have for readers' perspectives on sustainability and environmental stewardship?"
139,What is the central premise of Aria's interdimensional travel and its impact on her personal relationships?
139,"How does Micaiah Johnson explore themes of identity, free will, and moral accountability through Aria's multiple lives?"
139,In what ways does the multiverse narrative in The Space Between Worlds contribute to the novel's sense of tension and urgency?
139,Can you elaborate on the role of the parallel Earths in the story and their significance to Aria's survival?
139,How does the author balance the personal stakes for Aria with the broader consequences of her actions across multiple worlds?
140,"What is the central premise of the rivalry between the agents Red and Blue, and how do their roles relate to maintaining the timestream?"
140,How does the author Amal El-Mohtar & Max Gladstone utilize time travel as a metaphor for the complexities of human relationships and the constraints placed on individuals by societal expectations?
140,"What are some key differences between the two timelines in which Red and Blue work, and how do these differences impact their interactions with each other?"
140,"In what ways does the novel This Is How You Lose the Time War subvert or challenge common tropes found in the science fiction genre, particularly those related to time travel and romance?"
140,"Can you provide more insight into the significance of the red and blue 'codes' that both Red and Blue are sworn to use, and how these codes relate to their respective missions and personal relationships?"
141,"What motivates Gideon's desire to join the necromancers, and how does this drive her actions throughout the book?"
141,"How does Tamsyn Muir utilize Gothic elements in 'Gideon the Ninth', and what impact do these have on the narrative?"
141,"Can you explain the significance of the deadly trial that Gideon participates in, and how it serves as a catalyst for character development?"
141,"In the context of science fantasy, how does Muir's use of necromancy and advanced technology influence the world-building in 'Gideon the Ninth'?"
141,"What role do themes of grief, identity, and acceptance play in shaping Gideon's journey and relationships with other characters?"
142,"What role does Harrow play in the story's necromancy, and how does her power evolve throughout the book?"
142,Can you elaborate on Harrow's mental state and its impact on her actions in the novel?
142,"What is the significance of the Emperor's secrets in Harrow the Ninth, and how do they affect Harrow's journey?"
142,How does the science fantasy element contribute to the Gothic atmosphere in the book?
142,"What is the fate of Harrow's character at the end of the story, and what implications does this have for the plot?"
143,What is Nona's primary role in the celestial court of the Astronomer?
143,How does Nona's unique physiology allow her to bypass traditional limitations on life and death?
143,"Can you describe the significance of Nona being 'born' as a girl, rather than a boy?"
143,In what ways does Nona's past begetting her influence shape her present-day actions and decisions?
143,What kind of power does the Asterion exhibit in relation to Nona's life and death?
145,"What is the primary goal of Mahit Dzmare's diplomatic mission to the Imperial Court, and how does it relate to her personal background?"
145,How do the tensions between the Imperial system and the various client species reflect broader societal themes in the book?
145,"Can you describe the role of Ambassador Janz in shaping the narrative of A Memory Called Empire, and what implications does his character have for Mahit's own development?"
145,"In what ways does the novel's exploration of identity, power, and assimilation relate to historical or contemporary discussions around colonialism and imperialism?"
145,"How does the author, Arkady Martine, use the lens of an alternate 'empires of old' narrative to comment on modern issues of globalization, cultural exchange, and national identity?"
146,What is the name of the main character who possesses hyper-empathy and plays a crucial role in the narrative?
146,"How does Butler utilize Afrofuturism as a subgenre in 'Parable of the Sower', and what impact does this have on the overall story?"
146,"Can you elaborate on the collapse of society depicted in the book, and how does it affect the protagonist's daily life?"
146,"What is the significance of Lauren's new belief system, and how does it differ from existing religious ideologies?"
146,"How does Butler critique societal norms and institutions in 'Parable of the Sower', particularly in relation to issues of class and power?"
147,What is the main theme of Parable of the Talents by Octavia E. Butler?
147,How does Earthseed affect the society in the book?
147,Who are the fundamentalist groups that oppose Earthseed in the novel?
147,What is the significance of the title 'Parable of the Talents' in relation to the story?
147,In what year was Parable of the Talents published and what were its ratings?
148,"What is the primary reason Dana Franklin, the protagonist, is pulled back in time to the antebellum South?"
148,How does Dana's experience as a modern Black woman influence her perception of slavery and its practices during the antebellum era?
148,Can you describe the specific historical event or encounter that forces Dana to confront her newfound reality and make difficult choices about survival?
148,"In what ways do Dana's relationships with other characters in the past, such as Rufus Weylin and his family, contribute to her understanding of slavery and human nature?"
148,"What is the significance of Dana's connection to the Weylins, particularly in relation to her own identity and sense of belonging?"
149,What were the intentions of the alien rescuers regarding humanity's genetic merging?
149,What was unique about the woman who awakened among them?
149,"How did the author, Octavia E. Butler, explore themes of First Contact in this novel?"
149,Did the woman undergo any significant changes as a result of the genetic merging process?
149,In what way does Dawn challenge traditional notions of identity and humanity?
150,"What is the primary theme of identity explored in 'Adulthood Rites' by Octavia E. Butler, and how does it relate to the hybrid human-alien society?"
150,"Can you elaborate on the author's approach to handling First Contact scenarios in 'Adulthood Rites', and what implications does this have for the story's development?"
150,"How do the characters in the novel navigate their mixed heritage, and what role does this play in shaping their individual identities and relationships with one another?"
150,"What message or commentary do you think Butler is conveying through the lens of a hybrid human-alien society, particularly in relation to issues of power dynamics and cultural exchange?"
150,"In 'Adulthood Rites', the relationship between humans and the alien T'gon is complex. Can you discuss how this dynamic affects the characters and their understanding of one another?"
151,What is the hybrid offspring referred to as in the novel 'Imago' by Octavia E. Butler?
151,"How does the author's subgenre of First Contact influence the narrative of 'Imago', and what impact does it have on the characters?"
151,Can you elaborate on the role of power dynamics and its effects on love in the context of human hybridization in 'Imago'?
151,"How does the protagonist's identity intersect with their capacity for emotional intimacy and vulnerability, as depicted in the novel?"
151,What commentary does the author offer through the character of the hybrid offspring regarding societal norms and expectations of romantic relationships?
153,"What is the primary motivation of Shevek, the physicist from Anarres, as he travels to Urras?"
153,How does Le Guin portray anarchism through the character of Anarres and its inhabitants?
153,In what ways does the novel 'The Dispossessed' critique capitalism and the concept of freedom?
153,"What role do the anarchists play in the conflict between Anarres and Urras, and what are their goals?"
153,How does Le Guin's depiction of science and technology relate to her exploration of anarchism and utopianism?
154,What is the name of the young mage who is the main protagonist of A Wizard of Earthsea?
154,In what year was A Wizard of Earthsea first published?
154,Can you describe Ged's journey and what he learns about the balance of power in the story?
154,"How does the author, Ursula K. Le Guin, use magic as a metaphor for power and responsibility in the book?"
154,What is the significance of the shadow that Ged faces throughout his journey?
155,"What is the name of the island where Tenar, a priestess of the Nameless Ones, lives?"
155,Who helps Ged when he is injured during his escape from the castle of the Sorcerers' Council?
155,What is the significance of the Tombs of Atuan in the context of the story?
155,"How does Tenar's relationship with Ged change over time, and what do these changes reveal about her character?"
155,"What role does magic play in the world-building of The Tombs of Atuan, and how does it relate to the Nameless Ones?"
156,"What is the significance of Ged's journey to the Farthest Shore, and how does it relate to his character development?"
156,"In what ways does the loss of magic affect the political landscape of the archipelago, and how do Ged and Prince Arha work together to address this issue?"
156,"Can you elaborate on the role of the 'shadow' in The Farthest Shore, particularly in relation to Ged's powers and the spread of darkness?"
156,"How does Ursula K. Le Guin's exploration of traditional fantasy tropes contribute to the novel's themes of balance, harmony, and the responsibility that comes with power?"
156,"What is the symbolic significance of the 'Farthest Shore' as a destination, and how does it represent Ged's inner journey and transformation?"
158,"What is the significance of Ged's training under Ogion, and how does it shape his future as a wizard?"
158,"How does Le Guin portray the balance between light and darkness, and what message do you think she conveys through this theme?"
158,"Can you describe the role of magic in the world of Earthsea, and how is it governed by the laws of nature?"
158,"What is the author's intention with the character of Vetch, a peasant from Gont who becomes involved in Ged's quest?"
158,"In what ways does Le Guin use the concept of the 'shadow' to explore themes of identity, morality, and power?"
159,"What is the significance of the death of the Archipelago's ruler, Morgoth, in The Other Wind?"
159,The impact of the return of Ged on the balance of magic and the world of Earthsea.
159,Can you describe the role of the wizard Ged in maintaining the balance of nature in Earthsea?
159,How does the prophecy about Ged's fate influence the plot of The Other Wind?
159,What is the symbolic meaning behind the death of the dragons in The Other Wind?
160,"What is the significance of Dust in The Golden Compass, and how does it relate to Lyra's journey?"
160,"How does Philip Pullman use steampunk elements in The Golden Compass, and what impact do these have on the story?"
160,Can you describe the character of Mrs. Coulter and her role in the plot of The Golden Compass?
160,"What is the concept of 'daemons' in The Golden Compass, and how does it relate to the novel's themes of identity and belonging?"
160,"How does Lyra's relationship with her daemon, Pantalaimon, evolve throughout the story, and what symbolic significance does this have?"
161,What is the significance of the alethiometer in The Subtle Knife?
161,How does Will Parry's experience in Cittàgazze influence his interactions with Lyra?
161,What are some key differences between the world of Gobleblox and the real world?
161,In what ways does the character of Lord Asriel serve as a complex moral authority figure?
161,How does the novel's portrayal of alternate universes relate to philosophical concepts such as determinism and free will?
162,What is the name of the protagonist who embarks on a journey to the land of the dead in The Amber Spyglass?
162,How does Lyra Belacqua's relationship with Will Parry evolve throughout the trilogy?
162,"What is the significance of the alethiometer in The Amber Spyglass, and how does it aid Lyra's quest?"
162,Can you describe the character of Lord Asriel and his role in the story's unfolding events?
162,How does Philip Pullman use the concept of daemons to explore themes of identity and morality in the novel?
163,What is the name of the boy who protects infant Lyra along with a girl in La Belle Sauvage?
163,Who is the powerful enemy that threatens Lyra's life in the story?
163,What is the state of England when Lyra and her companions embark on their journey?
163,"Why did the author, Philip Pullman, choose to start his 'His Dark Materials' series with this book?"
163,How does the release year of 2017 relate to the completion of the first book in the series?
164,What is the main plot device that Lyra uses to navigate the intrigue and mystery of the world?
164,How does Philip Pullman's use of multiple parallel universes contribute to the overall story and themes of The Secret Commonwealth?
164,"Can you describe the character of Lyra and her role as a protagonist in the novel, including any significant changes or development throughout the story?"
164,In what ways do the author's use of symbolism and allegory enhance the reader's understanding of the world-building and themes of the book?
164,"How does the release date of 2019 affect your perception of the novel, and are there any differences in its reception compared to the original publication dates?"
165,What is the historical context that Susanna Clarke drew upon when writing Jonathan Strange & Mr Norrell?
165,Who were some of the notable characters introduced by Susanna Clarke and their relationships with one another?
165,What role did magical battles play in advancing or hindering the development of English magic throughout the novel?
165,How did the rivalry between Jonathan Strange and Mr. Norrell impact the progression of magic in England during this time period?
165,What specific themes was Susanna Clarke aiming to convey through her depiction of 19th-century England's social hierarchy?
166,"What is the nature of Piranesi's reality, and how does he navigate his ever-changing environment?"
166,How does Piranesi's relationship with the statues influence his perception of himself and his captivity?
166,Can you elaborate on the significance of the tides in relation to Piranesi's confinement and discovery process?
166,"What symbolic meaning can be derived from the infinite House, and how is it related to human psychology and emotions?"
166,"How does Piranesi's understanding of the world around him change throughout the novel, and what role do his memories play in this transformation?"
167,What is the unique aspect of Death's role that Mort struggles with?
167,How does Mort's character change throughout his apprenticeship under Death?
167,In what way does Mort's mortality influence his relationship with Death?
167,What is the significance of the 'Rules' in the Discworld universe regarding the handling of death?
167,"How does the author, Terry Pratchett, use humor and satire to address the themes of mortality and the afterlife?"
168,What is the main conflict that drives the plot of Hogfather?
168,How does Death's granddaughter play a crucial role in saving Belief itself?
168,What is the significance of the Hogfather's death and its impact on the Discworld's inhabitants?
168,Can you explain the role of the Patrician in relation to the assassination attempt on the Hogfather?
168,What is the symbolic meaning behind the various 'gifts' given by Death during the story?
169,"What is the significance of Sam Vimes' involvement in the Ankh-Morpork City Watch, and how does it relate to his journey through time?"
169,What role do the Patrician and Lord Havelock Vetinari play in the events that unfold during the plot of Night Watch?
169,How does the concept of a 'Night Watch' serve as a metaphor for the responsibilities and consequences of leadership in Ankh-Morpork?
169,In what ways does the novel's exploration of the nature of revolution and its outcomes challenge or subvert traditional expectations of historical fiction?
169,What impact does Sam Vimes' relationship with his younger self have on both their individual character development and the overall trajectory of the story?
170,What is the name of the main character who gets forced to revive the Ankh-Morpork postal service?
170,"How do golems help the main character in reviving the postal service, and what are their abilities?"
170,In what specific way does the main character's con-artist background aid him in running the postal service?
170,What kind of chaos-related challenges or obstacles must the main character face in his new role?
170,How does the author Terry Pratchett use humor and satire to comment on modern society in this book?
171,"What is the significance of the 'Thud' sound in the title, and how does it relate to the plot?"
171,What is the main conflict or problem that the Watch must resolve between the dwarves and trolls?
171,How does the comedic tone of the book contribute to its overall rating of four out of five?
171,"In what ways do the characters of Vimes and the troll Faceless, respectively, serve as foils to each other in their interactions?"
171,What commentary or message is Terry Pratchett trying to convey through this story about war and conflict between different groups?
172,"What is the significance of the White Witch's role as the antagonist in The Lion, the Witch and the Wardrobe?"
172,How does C.S. Lewis use allegory to convey moral lessons throughout the story?
172,What symbolic meaning can be inferred from Aslan being a lion in Narnia?
172,In what ways do the Pevensie children's individual personalities influence their roles in defeating the White Witch?
172,"What themes of sacrifice and redemption are central to the narrative of The Lion, the Witch and the Wardrobe?"
173,What is the name of the rightful heir who needs the Pevensies' help to reclaim his throne in Prince Caspian?
173,In what way do the Pevensies initially fail to fulfill their royal duties and lead to their banishment from Narnia?
173,"How does Prince Caspian relate to the previous story of The Lion, the Witch, and the Wardrobe?"
173,"What is the significance of the lamppost in the story of Prince Caspian, and how does it contribute to the plot?"
173,"Does Prince Caspian have a significant change of heart or realization at any point in the book, and if so, what sparks this transformation?"
174,Was The Voyage of the Dawn Treader a part of 'The Chronicles of Narnia' series?
174,What was the primary purpose of Lucy's journey before embarking on the voyage with King Caspian and Reepicheep?
174,Did C.S. Lewis draw inspiration from Norse mythology while writing The Voyage of the Dawn Treader?
174,How did the character of Eustace change throughout his journey on the ship?
174,Was The Voyage of the Dawn Treader a standalone novel or part of an ongoing series at its release in 1952?
176,What is the name of the talking horse in The Horse and His Boy?
176,"In what kingdoms does the protagonist, Shasta, and his companion, Bree, journey through?"
176,What is the motivation for Shasta's decision to leave his village and travel to Narnia?
176,Who are the main antagonists that Shasta and Bree encounter on their journey?
176,How do Shasta and Bree ultimately achieve their goal of reaching freedom in Narnia?
179,"What inspired Richard Adams to write Watership Down, and how did his experiences as a journalist influence the story?"
179,"How does the novel's use of allegory relate to its exploration of themes such as leadership, hierarchy, and the nature of power?"
179,"Can you elaborate on the symbolism behind the character of Hazel, and how his journey serves as a representation of individual freedom and responsibility?"
179,"In what ways does Watership Down critique traditional notions of authority and social structure, particularly in relation to its portrayal of rabbit politics?"
179,How did Adams' research into rabbit behavior and ecology inform the world-building and plot development in Watership Down?
180,"What is the main source of conflict for Croach, a character known as a 'Black Company' member?"
180,Is the Black Company's relationship with their sorceress mistress portrayed as purely exploitative or does it have its own complexities?
180,In what ways do the mercenaries in the Black Company differ from traditional fantasy hero protagonists?
180,How does the author Glen Cook use the grimdark subgenre to explore themes of war and loyalty?
180,What impact does the release date of 1984 have on the book's tone and style compared to modern grimdark fantasy works?
181,What is the primary conflict that The Company faces in Shadows Linger?
181,"How does the author, Glen Cook, portray the moral ambiguity of characters in Grimdark Fantasy?"
181,Can you provide a brief summary of the war-torn lands and shifting alliances in Shadows Linger?
181,In what ways does the release date of 1984 influence the tone or style of the book?
181,What are some key themes explored by Glen Cook in Shadows Linger that relate to the subgenre of Grimdark Fantasy?
183,What is the primary setting for the beginning of Gardens of the Moon?
183,How does the novel's use of ancient sorcery influence the plot and characters?
183,Can you explain the significance of the character named Anomander Rake in the story?
183,In what ways do the different cultures and societies within the world of Gardens of the Moon impact the narrative?
183,What is the central conflict or war that sets the stage for the rest of the series?
184,"What is the primary plot device that drives the story of Deadhouse Gates, and how does it affect the characters?"
184,"Can you describe the role of the 'Deadhouse' in the novel's world-building, and how does it impact the refugees' journey?"
184,How does the author Steven Erikson use violence and brutality to explore themes of humanity and resilience in this book?
184,"What is the significance of the desert landscape in Deadhouse Gates, both as a physical obstacle and a metaphorical representation of the characters' experiences?"
184,"In what ways does the novel's non-linear narrative structure contribute to its overall effect on the reader, and how does it impact the pacing of the story?"
185,What is the primary conflict that sets the story of Memories of Ice apart from other epic fantasy novels?
185,"Can you describe the role of Anomander Rake, a significant character in the novel's cast, and his relationship with other key figures?"
185,"How does Steven Erikson utilize the concept of 'chaos magic' throughout the book, and what impact does this have on the story?"
185,"What is the significance of the 'Malazan Empire' in the narrative, and how does it relate to the struggle against chaos?"
185,"In what ways does the novel's narrative structure, with multiple timelines and narrative threads, contribute to its overall complexity and depth?"
186,What is the main conflict that drives the plot of House of Chains?
186,What role do the characters from the original 'Gardens of the Moon' book play in this installment?
186,How does Steven Erikson use magic and religion to shape the world-building in House of Chains?
186,Why are the Malazan Empire's war efforts hindered by internal power struggles and external threats?
186,How does the author's complex storytelling style contribute to the overall rating of four out of five stars?
187,What is the primary conflict that sets the story of 'Midnight Tides' in motion?
187,"How does the author, Steven Erikson, contribute to the epic fantasy subgenre through his use of complex world-building and multilayered storytelling in this book?"
187,"Can you explain the significance of the character, Karsa Orlong, and his role in the events leading up to the expansion of the empire?"
187,What literary device does the author employ to create a sense of tension and foreboding throughout the narrative?
187,How does the 'Malazan world' expand upon existing fantasy tropes while still maintaining its unique identity?
189,"""Question 1: What is the primary plot of Reaper's Gale and how does it contribute to the overall Malazan saga?"
189,Question 2: How does Reaper's Gale differ from other epic fantasy novels in its exploration of complex moralities and the nature of godhood?
189,"Question 3: What role does the character of Anomander Rake play in Reaper's Gale, and how does his storyline impact the larger narrative?"
189,"Question 4: How does Reaper's Gale address the theme of power and its corrupting influence on characters, particularly in the context of godhood?"
189,"Question 5: What impact does Reaper's Gale have on the reader's understanding of the Malazan saga's world-building and mythology, particularly in relation to the role of gods in the universe?"
190,What is the setting of Toll the Hounds and how does it relate to the rest of the Malazan Book of the Fallen series?
190,"Can you describe the character of Anomander Rake, a Belletal Lord, without revealing too much from the plot?"
190,How does Steven Erikson incorporate themes of fate and mortality in the story of Toll the Hounds?
190,What is the significance of the Toll and how does it impact the events of the book?
190,In what ways does Darujhistan serve as a microcosm for the larger world of the Malazan Empire?
191,"What is the setting of Dust of Dreams, and how does it influence the plot?"
191,Can you explain the role of the Tiste Andii and their significance to the story's prophecy?
191,"How does the novel explore themes of power, corruption, and the cost of war in the world of Anomanda?"
191,"What are some notable examples of magical systems or powers in Dust of Dreams, and how do they shape character interactions?"
191,"In what ways does the book's climax and resolution subvert or build upon reader expectations, and what impact does this have on the overall narrative?"
192,What is the Malazan saga's conclusion like in The Crippled God?
192,What role does sacrifice play in the story of The Crippled God?
192,How does the book's release date impact its reception by readers?
192,In what way does the cosmic scale affect the plot of The Crippled God?
192,"Why does the author, Steven Erikson, receive a rating of Five out of Five for this novel?"
